{"train/loss": 1.5378, "train/grad_norm": 0.20778807997703552, "train/learning_rate": 1.1441647597254006e-05, "train/epoch": 5.0, "train/global_step": 625, "_timestamp": 1724938596.5515046, "_runtime": 4717.290041685104, "_step": 20, "train_runtime": 4713.12, "train_samples_per_second": 1.061, "train_steps_per_second": 0.133, "total_flos": 9.332874822057984e+16, "train_loss": 1.6413387390136718, "_wandb": {"runtime": 4716}}